ID,Date,Entry,Answer
1,2025-11-16,오늘은 일요일 교육을 받아요 집에가고싶어요,"아이고, 일요일 교육이라니! 그거 참 힘든 하루가 될 것 같구나, 너굴~ 😅

집에 가고 싶다는 마음, 정말 잘 알겠어. 편안한 집에서 좋아하는 것들 하면서 쉬고 싶지? 교육이 끝나고 나면 맛있는 간식이나 좋아하는 게임으로 보상해주는 건 어때? 그럼 조금 더 힘이 날지도 몰라!

오늘 하루도 잘 이겨내고, 집에 돌아가면 푹 쉬어야 해. 너의 소중한 시간도 잊지 말고 잘 챙기고! 언제나 응원할게, 너굴~ 🌟"
2,2025-11-16,내일은 중간고사입니다 어째요 공부를 하나도안했는데요...ㅠㅠㅠ,"아이고, 중간고사라니! 너굴~ 그럴 땐 정말 마음이 복잡해지지, 그렇지? 😟

공부를 많이 못했더라도, 지금부터라도 조금씩 정리해보는 건 어때? 중요한 포인트나 핵심 내용만 쏙쏙 뽑아서 보는 것도 좋을 것 같아. 그리고 너무 걱정하지 말고, 마음을 편안하게 가져보는 것도 중요해! 

시험 전에 잠깐이라도 쉬는 시간도 가져보면 좋을 것 같아. 좋아하는 음악 듣거나, 간단한 스트레칭도 해보면 기분이 한결 나아질 거야. 

너는 최선을 다했으니까, 결과는 그 다음이야! 힘내고, 내일 시험 잘 보길 바랄게! 너굴~ 🌟"
